keyword,counts
summer,1321
women's fashion,1315
fashion,1082
women,961
casual,905
plus size,636
sleeveless,580
dress,549
shorts,540
tops,507
sexy,328
beach,324
sleeve,300
short sleeves,296
print,296
shirt,281
tank,265
necks,254
v-neck,241
printed,235
t shirts,235
tank top,219
cotton,216
summer dress,212
ladies,212
loose,204
blouse,201
pants,197
vest,189
beach dress,185
women dress,174
floral,174
lace,173
mini dress,170
mini,164
slim,162
sleeveless dress,151
women fashion,142
round neck,139
casual dress,136
waist,130
party,129
long dress,123
party dress,120
sport,109
floral print,108
slim fit,107
spaghetti,106
backless,104
jumpsuit,99
short pants,95
bikini,91
swimsuit,88
loose dress,86
high waist,86
boho,86
swimwear,85
swimming,84
dresses,79
halter,77
skirts,74
spaghetti strap,73
summer dresses,70
sleeveless tops,70
trousers,68
solid color,66
summer t-shirts,61
suits,61
elastic,60
deep v-neck,60
summer tops,58
women top,56
sexy dress,54
ladies fashion,54
casual pants,54
women jumpsuit,53
letter print,53
maxi dress,51
crop top,51
vintage,51
men's fashion,50
yoga,49
summer fashion,49
pleated,49
lace up,49
fitness,47
topsamptshirt,45
women vest,45
spring,45
summer shorts,44
men,44
tunic,43
tops & t-shirts,43
off shoulder,41
pure color,41
casual t-shirt,41
tops & blouses,40
boho dress,39
floral dress,39
plus size dress,38
cute,38
chiffon,38
funny,38
black,36
cotton t shirt,36
jeans,35
polka dot,34
overalls,34
flowers,34
cotton dress,34
beach wear,33
polkas,33
pocket,33
lace dress,33
bras,33
women shorts,32
short dress,32
camisole,32
bathing suit,32
leggings,32
elastic waist,31
short sleeve dress,30
rompers,30
loose t-shirt,29
graphic tee,29
casual dresses,29
button,29
bikini set,29
women s clothing,29
party dresses,29
outfits,29
elegant,29
bottom,28
women dresses,27
tops for women,27
running,27
long pants,27
jumpsuits & rompers,27
clothes,27
women t shirt,26
t,26
halter dress,26
camouflage,26
long sleeve,26
denim,26
clothing,26
striped,25
sleeveless shirt,25
outdoor,25
evening dress,25
white,24
strapless,24
slim dress,24
pullovers,24
short sleeve shirt,23
print dress,23
onepiece,23
fashion women,22
wool,22
women blouse,22
tie dye,22
midi dress,22
holiday,22
casual tops,22
womens dresses,21
sundress,21
summerpant,21
splits,21
padded,21
butterfly,21
women clothing,21
robes,21
dyes,21
beach shorts,21
fashion dress,20
stripes,20
denim shorts,20
cross,20
topsampblouse,19
neck dress,19
harem pants,19
dressesforwomen,19
casual shirt,19
push up bikini,19
women tank top,18
strap,18
sexy lace,18
sexy bikini,18
ruffle,18
women rompers,18
panties,18
bikinis set,18
zippers,17
women shirt,17
vestido,17
bohemia,17
yogashort,16
shortsforwomen,16
o-neck,16
men's shorts,16
women pants,16
short sleeve t-shirt,16
sandals,16
printed t shirts,16
plus size top,16
womens top,15
summer tank top,15
summer shirt,15
retro,15
slippers,15
maxi dresses,15
t-shirt dress,14
knee,14
bohemian,14
beachpant,14
backless dress,14
two piece set,14
two pieces,14
tunic dress,14
sport suits,14
sexy top,14
green,14
cotton shirt,14
widelegpant,13
tunic top,13
summerjumpsuit,13
skull,13
rompers womens jumpsuit,13
robefemme,13
lace top,13
high waisted shorts,13
casualshort,13
bodycon,13
v neckdress,13
bodycon dress,13
athletics,13
women's dress,12
women trousers,12
women beachwear,12
sleeve v-neck,12
playsuit,12
jumpsuitsampromper,12
blousesampshirt,12
swing dress,12
strapless dress,12
shoes,12
men shorts,12
corset,12
cool t-shirts,12
collar,12
causal,12
yoga top,11
women swimsuit,11
water,11
strappy,11
sleevelessjumpsuit,11
sleevelessblouse,11
skinny pants,11
long skirt,11
high waist shorts,11
feather,11
chiffon dress,11
chiffon blouse,11
bohemian dress,11
beach swimwear,11
women skirts,11
underwear,11
tops & tees,11
t-shirt womens,11
sports wear,11
sling,11
sleepwear,11
short sleeved,11
patchwork,11
inflatable,11
fashion accessory,11
cocktail,11
womens tank tops,10
topsamptee,10
tank top women,10
slingdre,10
sleeve dress,10
silk,10
shortsleeveset,10
short skirt,10
sexy jumpsuit,10
runningshort,10
off shoulder top,10
men's suits,10
loosepant,10
lip,10
clubwear,10
belt,10
athleticshort,10
yellow,10
vintage dress,10
tankinis,10
printing,10
hollow-out,10
design,10
classics,10
blues,10
army,10
women long pants,9
women bathing suit,9
wasitcincher,9
waistgirdle,9
waist trainer,9
suspenders,9
sportshort,9
slimmingcorset,9
slimming,9
shirt dress,9
punk,9
pleated dress,9
loosejumpsuit,9
linenjumpsuit,9
leaf,9
jogging,9
hippie,9
floralprinted,9
women set,9
short sleeve blouses,9
one piece swimsuits,9
men's pants,9
love,9
lines,9
home & living,9
halter bikini,9
funny t shirt,9
elegant dress,9
chiffon shirt,9
cartoons,9
2pieceset,9
yoga pants,8
womens vest,8
women swimwear,8
women crop top,8
twopieceoutfit,8
teesamptshirt,8
tankvest,8
summervest,8
summersuitset,8
shaperwear,8
printeddre,8
off shoulder dress,8
minishirtdres,8
mididre,8
looseblouse,8
kids,8
gymshort,8
floral lace,8
denimjeansdres,8
bandage bikini,8
asymmetric,8
women's jumpsuits,8
v-neck dresses,8
toy,8
tee,8
tassels,8
sunflowers,8
round collar,8
loose tank tops,8
hot pants,8
breathable,8
womensfahsion,7
womens clothes,7
womemstop,7
white dress,7
vesttop,7
tiedyeprint,7
swimsuits for women,7
sweat suit,7
strappant,7
sportsset,7
splitbikiniset,7
spaghettistrapdresse,7
skinnyshort,7
sexy bathing suit,7
plussizejumpsuit,7
minidressforwomen,7
mini skirt,7
loose top,7
loose shirt,7
linen dress,7
kimono,7
jean shorts,7
high waist bikini,7
floralprinteddre,7
dress slim,7
drawstring,7
crochet,7
bubble,7
womens shorts,7
womens blouse,7
tee shirt,7
socks,7
mens t shirt,7
jewelry,7
gifts,7
fun,7
cover,7
cotton vest,7
colorful,7
coat,7
blouses & shirts,7
bikini swimwear,7
balloon,7
bags,7
#top #crop,7
women's pants,6
women clothes,6
wavepoint,6
two piece swimsuit,6
summerdressesforwomen,6
solid,6
silksleepwear,6
sexyblouse,6
sexy shirts,6
sailboatshort,6
push up swimwear,6
printeddres,6
printed shirts,6
print t-shirt,6
open toe,6
mensjoggersuit,6
ladies dress,6
lace trim,6
high waisted,6
gymwear,6
floralprinteddres,6
fashion vest,6
fashion pants,6
european,6
drawstringshort,6
capripant,6
bubbleball,6
bras for women,6
bibpant,6
beachwear for women,6
womens t shirts,6
womens shoes,6
vacation,6
tanktops for women,6
tankini set,6
swing,6
sports & outdoors,6
shift dress,6
rose,6
pajamas,6
harajuku,6
graphic shirt,6
fashion accessories,6
deep v-neck dress,6
cats,6
cami tank tops,6
bow,6
bottoming shirt,6
beauty,6
beach shorts women,6
yoga leggings,5
wrappedchest,5
womens shirt,5
women's pajamas,5
women summer tops,5
women fashion shorts,5
vneckshirt,5
vest dress,5
twopiecesset,5
tunicsforwomen,5
trousersforwomen,5
tracksuitsforwomen,5
teeshirthomme,5
tanktopforwomen,5
sundressesforwomen,5
summerwear,5
spaghettistrapdre,5
slingvest,5
sleevelesstshirt,5
sleevele,5
silksleepwearnightgown,5
silksleepwearforwomen,5
shortjumpsuit,5
sexydressesforwoman,5
sexy tank top,5
sexy pajamas for womens,5
sexy dresses,5
scarf,5
runningset,5
runningpant,5
ruffled,5
printedvest,5
pool,5
plaid,5
partydressesforwomen,5
pajamassuit,5
pajamassleepwear,5
pajamasforwomen,5
pajamaset,5
monokini,5
momshirt,5
lace shirts,5
kleid,5
irregulardre,5
gowns,5
gothic,5
fitnessvest,5
featherprint,5
fashion top,5
dressforwomen,5
deep v neck top,5
croppedtrouser,5
cottontop,5
casualdressesforwomen,5
casualblouse,5
cardigan,5
butterflyprint,5
blouse women,5
bigswing,5
beachsuit,5
beach coverup,5
asymmetrical dress,5
womens swimwear,5
women jeans,5
tube top,5
sprays,5
sports pants,5
skeleton,5
red,5
pleated skirt,5
lingerie,5
leopard,5
ladies top,5
home & kitchen,5
home,5
hip hop,5
high waist pants,5
head,5
flip flops,5
denim pants,5
cover ups,5
cocktail dresses,5
clothes for women,5
children,5
cami,5
body suit,5
womens jeans,4
women tank,4
woman fashion,4
wedge,4
wedding dress,4
wavepointdre,4
tee shirt women,4
tank tops women,4
swim suit cover up,4
surfshort,4
summer skirt,4
summer shoes,4
summer bikini,4
striped dress,4
street style,4
splitdre,4
spaghettishoulderstrapdre,4
slingtop,4
slingdres,4
slimpant,4
sleevelessdresse,4
skullprint,4
shortssuit,4
short leggings,4
sandals for women,4
rompersforwomen,4
push up bra,4
pure,4
punk style,4
prom dress,4
printjumpsuit,4
print shirt,4
princess dress,4
polka dot dress,4
pencil pants,4
offshoulderjumpsuit,4
mensjoggingsuit,4
low,4
looseshort,4
long sleeve blouse,4
long dresses,4
letterprinted,4
largecottonandlinenwomenstrouser,4
lace lingerie,4
korean style,4
knit,4
harem,4
halterneck,4
hair,4
gaes,4
funnytee,4
funnyshirt,4
flaresleeve,4
fitness leggings,4
fashion dresses,4
elasticwaistshort,4
cottontee,4
cottonlinendre,4
comfy,4
casualjumpsuit,4
candy,4
camping,4
cami top,4
brazilian,4
bra top,4
bodycon jumpsuits,4
bodybuildingshort,4
blousetop,4
beetshirt,4
beachtshirt,4
beachdresse,4
bathing suit cover ups,4
bandage top,4
backless top,4
workout,4
womens swimsuit,4
women's casual tops,4
waterproof,4
vintage dresses,4
two-piece suits,4
triangles,4
swimming suit,4
sweatshirts,4
simple,4
sexy swimwear,4
puma,4
printing t shirt,4
princess,4
one-piece suits,4
music,4
men's shirt,4
men tops,4
masks,4
large size,4
lace bikini,4
kawaii,4
invisible,4
indoor,4
head bands,4
graphic t-shirt,4
goth,4
food,4
crystal,4
cocktail dress,4
cargo pants,4
buckles,4
bikinis for women,4
ankle,4
american,4
3d t-shirt,4
34pant,4
woven,3
womenshortspant,3
womenshortsleevedre,3
womens sexy tops,3
women's jogging suits,3
women summer dress,3
women sexy dress,3
women casual dress,3
woman shirt summer,3
vogue,3
vintageshirt,3
vesttank,3
twopiecesoutfit,3
two piece bathing suit,3
tshirtforwomen,3
tshirtandtop,3
trending,3
topsandtop,3
tiktok,3
tacticalpant,3
sweetheart,3
summerset,3
summercroptop,3
summercardigan,3
strapless crop top,3
strapdre,3
sportsshort,3
sportsamprecreation,3
spaghettistrapdres,3
spaghettishoulderstrapdres,3
spaghetti strap top,3
sommerkleid,3
solidcolorshirt,3
soildcolor,3
slimtop,3
slim shirts,3
sleeveless crop top,3
sleeve lace,3
skeletonprinted,3
shortsleevetop,3
shirtsforwomen,3
shirt women,3
sexyshort,3
sexy swimsuit,3
sexy bra,3
quickdry,3
printedtop,3
pocketdres,3
plus size bathing suits,3
pink,3
pantsformen,3
package hip dress,3
overallsforwomen,3
outdoorsuit,3
openfront,3
onecktshirt,3
one-shoulder,3
off the shoulder top,3
night dress,3
mensummertshirt,3
mens trousers,3
maxi skirt,3
low cut,3
lovely,3
loosedresse,3
longcardigan,3
long sleeve t shirt,3
long sleeve shirt,3
lipprint,3
leopard print,3
legs,3
lace bralette top,3
lace blouse,3
knitted,3
joggingpant,3
jogging suit,3
jeansforwomen,3
highwaistdres,3
halter top,3
gothicshirt,3
funnytop,3
flowerprint,3
flat shoe,3
femmerobe,3
femalevest,3
fashion bikini,3
evening party dress,3
decoration,3
damenkleid,3
cuteshirt,3
cropped top,3
cottonlinenshirt,3
cool,3
coldshoulder,3
casualvest,3
casual shoes,3
bodycon top,3
blusasfeminina,3
black dress,3
bermudashort,3
beachwearbikini,3
beachvest,3
art,3
animalprotectiontshirt,3
wedge sandals,3
trousers & shorts,3
tank&sleeveless,3
swimsuit cover,3
swimdresses,3
sport tops,3
splicing,3
slim t-shirt,3
slim  fitting,3
sexy tshirt,3
set,3
sandals & flip flops,3
print dresses,3
polos,3
plus size fashions,3
off shoulder shirt,3
nylon,3
new arrival,3
moon,3
men t-shirt,3
korean,3
jacket,3
high heel,3
heart,3
hats,3
hair band,3
hair accessories,3
grey,3
graffiti,3
girls dresses,3
get,3
game,3
flats,3
fashion tank top,3
fashion men,3
dinosaur,3
crewneck,3
club dress,3
children's toys,3
causal dress,3
body shapers,3
bikiniwomen,3
bat,3
bandages,3
accessories,3
above knee dresses,3
a line dress,3
#fashion #tshirt,3
yogavest,2
yogasuit,2
wrap dress,2
womenswimwearbikini,2
womensleevelessdres,2
womens shorts suit,2
womens bralette,2
womens  tank,2
womenmonokini,2
womendressshirt,2
womencasualshort,2
women's wear,2
women's sleeveless tank,2
women's fashion t-shirt,2
women sport suit,2
women shirt blouse,2
women long dress,2
wedgessandal,2
vocation,2
vneckcamisole,2
vestdresse,2
velvet,2
usb,2
unisex,2
undersafetypant,2
two piece dress,2
tunicdresse,2
tubetopdre,2
tshirtshort,2
triangle bikini swimwear,2
track suit,2
topsforwoman,2
toppant,2
topandblouse,2
tiktoktshirt,2
thinsock,2
the new,2
tes,2
tennisdres,2
tasseldre,2
tankini bathing suits,2
tacksuit,2
swimmingpoolspraypad,2
suspenderdres,2
suspended,2
suntop,2
sun hat,2
summerwomenbikini,2
summertee,2
summersleeveelessdres,2
summershortpant,2
summercocktaildres,2
summerampspring,2
suits for women,2
striped bikini,2
stretchshort,2
stretch,2
streetwear,2
strappytop,2
strangerthing,2
strand,2
springandsummer,2
sportvest,2
sportampoutdoor,2
sport suit women,2
sport pants,2
spaghettistraptshirt,2
soliddresse,2
solidcolorshort,2
soakoffgel,2
slitpant,2
slippers women,2
slippers for women,2
slingdresse,2
slimvest,2
slimfittop,2
slimfitdre,2
slim fit shirt,2
sleevelessvest,2
sleevelessskirt,2
sleeve chiffon,2
silver,2
shouldertop,2
shoulder dress,2
shortsleevesdres,2
shortsleevesdre,2
shortshirt,2
shortsformen,2
shortromper,2
shortpantsforwomen,2
short-sleeved shirt,2
short-s jeans,2
short skirt skorts,2
shirts for men,2
sexyvest,2
sexy underwear,2
sexy skirt,2
sexy shirts for women,2
sexy one piece bathing suit,2
sexy monokini,2
sexy lingerie,2
sexy women's fashion,2
sandybeach,2
sandalswomen,2
sandalendamen,2
sandalefemme,2
safetypant,2
running skirt,2
ruffle top,2
ruffle crop top,2
roupas femininas,2
roundneckdres,2
rippedshort,2
rippedjean,2
rainbow,2
quickdryingshort,2
punktshirt,2
prom dresses,2
printvest,2
printtank,2
printedletterstop,2
princessprom,2
poloshirtsformen,2
pocketskirt,2
pocketsdres,2
plusszie,2
plussizeshort,2
plussizeclothe,2
plus,2
platformsandal,2
plaincolordres,2
permanent,2
pencil skirt,2
pencil,2
pantsforwomen,2
pantalonfemme,2
pant womens summer,2
padded bikini,2
one shoulder dress,2
one piece bathing suit,2
offtheshoulder,2
offsholuder,2
national,2
moonshirt,2
moonphase,2
minidresselvendre,2
midriff,2
menssummersuit,2
mensfitnessshirt,2
men jeans,2
low cut top,2
loveprinttshirt,2
lotusprinted,2
loosevest,2
loosecasualsweatpant,2
longshirtsforwomen,2
longloosedres,2
long_maxi_dress,2
lipsshirt,2
linentop,2
leggingsamptight,2
ladies skort,2
lacesummer,2
laceshort,2
lacehollow,2
lace vest,2
lace skirts,2
lace dresses,2
korea,2
knot,2
knittop,2
knitted crop top,2
kimonosforwomen,2
kimonocardigan,2
kanyewest,2
kaftandresse,2
kaftandre,2
jumsuitsforwomen,2
jumpsuitsforwomen,2
jumpsuitforwomen,2
jogging suits for women,2
jackdanielsprinttop,2
isolation,2
hotcasual,2
hooded,2
homeampliving,2
holidaydres,2
hightwaistdres,2
henley,2
heightenedshoe,2
heandband,2
headbandsturban,2
head scarf,2
haltershirt,2
graphic tees women,2
gradientcolor,2
girl bra,2
gel nail polish,2
gatherbracketbikini,2
fluffy,2
floralprintdres,2
floral shirt,2
flamingo,2
fitness top,2
fit,2
fish,2
fashionwomencroptop,2
fashionshortsleeve,2
fashionbrandsuit,2
fashion brand,2
falda,2
espadrille,2
ellesse,2
elasticshort,2
elasticlegging,2
easy,2
drawstringpant,2
donnahoney,2
depilatory,2
deepneck,2
dandelionfloralprinted,2
daisy,2
crossstrap,2
croptopsforwomen,2
croptopandshortsset,2
crops,2
cowlbacktshirt,2
cottonmask,2
cottonblendjumpsuit,2
cotton crop top,2
corset top,2
contrastcolor,2
colorblock,2
chiffontshirt,2
chiffonpant,2
cheststrapvest,2
charmingdres,2
casualwomendres,2
casualmensshirt,2
casual wear,2
capri leggings,2
camouflagewomensdre,2
camouflagevest,2
camouflageprint,2
camouflagedre,2
buttontop,2
bralette top,2
boxer shorts,2
bowknot,2
bohostyle,2
bohoheadband,2
bodysuitsjumpsuit,2
blousedre,2
bikiniswimwearcoverup,2
bikinis women,2
beachwearladie,2
beachcoat,2
beachbag,2
beach5pant,2
beach shoes,2
beach bikini,2
basictee,2
basicdressboho,2
bandeau top,2
bandagebra,2
bandage swimsuit,2
ballonnen,2
ball gown,2
baggyshort,2
baggypant,2
baggydres,2
baggy,2
backlessshirt,2
backlessbeachwear,2
backless tank tops,2
athleticpant,2
armpit,2
antislip,2
anklesock,2
animal print,2
workout tanktop,2
women sandals,2
women party dress,2
winter,2
wings,2
uv gel,2
tub,2
tennis,2
tees & t-shirts,2
swimwearwomen,2
sweets,2
sweaters,2
sunscreen,2
street,2
strapless top,2
stitching,2
spring/autumn,2
sportwear women,2
sports bra,2
spike,2
soft and comfortable,2
soft,2
short top,2
sheath dress,2
seats,2
seamless,2
sexy crop top,2
rubber,2
ring,2
rhinestone,2
rechargeable,2
prom,2
printed tee,2
polyester,2
polo shirts,2
plus size swimwear,2
platform shoes,2
picnic,2
pets,2
pants & capris,2
padded bra,2
office,2
navy,2
nails,2
nail polish,2
nail gel,2
mother,2
mori girl,2
monokini swimsuits,2
midi dresses,2
medium,2
maxis,2
lotus,2
long sleeve top,2
lolita,2
leisure,2
knickers,2
jerseys,2
irregular,2
hunting,2
home decor,2
hollow,2
high waisted bikini,2
health,2
handmade,2
handbags,2
gym,2
grunge,2
golf,2
girls clothes,2
geometric,2
garden,2
fox,2
formal dress,2
fitted,2
fashion suits,2
fashion skirts,2
face mask,2
exercise & fitness,2
european style,2
electric,2
draped,2
dogs,2
dark,2
diamond,2
cushions,2
cup,2
crossbody bag,2
couple,2
cotton socks,2
chiffon top,2
chair,2
chain,2
cap,2
canvas,2
bracelet,2
boxer,2
bodycon dresses,2
boat,2
beach slippers,2
baseball cap,2
baseball,2
bandage dresses,2
baby,2
animal,2
active,2
a-line,2
3dprinttshirt,2
3dprint,2
34sleevedres,2
2018fashion,2
#sport bra,2
ñˆð¾ñ€ñ‚ñ‹ð¼ñƒð¶ñðºð¸ðµ,1
æ¼å¸«ã®å¸½å­,1
zippertop,1
zippersleevelessvest,1
young,1
yogateeshirt,1
yogasuitset,1
yogaromper,1
yoga2pcsset,1
wrapjumpsuit,1
wovenbag,1
workoutshortsformen,1
workoutampyoga,1
workout top,1
womenunderwearsuit,1
womentee,1
womenswimsit,1
womenswimbottom,1
womensundres,1
womensummerswimwear,1
womensummershort,1
womensummersexybacklessbikini,1
womensummeroutfit,1
womensummerclothe,1
womenstraplessbra,1
womenssexyshort,1
womensporttracksuit,1
womensportset,1
womensportoutfit,1
womensleepwearset,1
womensjumpsuitsromper,1
womenshortpant,1
womenshortpan,1
womenshoessummer,1
womenshirtset,1
womensfahison,1
womensexytanktop,1
womensexybraset,1
womensexy,1
womens workout tank tops,1
womenpalysuit,1
womenpajamasset,1
womenpaddedbra,1
womenoverall,1
womenoutfit,1
womenonepiecebikini,1
womenonepiece,1
womennightwear,1
womenminishort,1
womenhotshirt,1
womengirlsummersexyprintedflowerdres,1
womenfashionsummerbikinisset,1
womenfashionclothing,1
womendre,1
womencottondres,1
womencausaltshirt,1
womenbreathableshoe,1
womenbra,1
womenbohemiandre,1
womenbikiniset,1
womenbeahcwear,1
womenbeachblouse,1
women39sfashion,1
women's plus size fashion,1
women yoga pants,1
women track suit,1
women shoes,1
women lingerie,1
women hats,1
women halter tops,1
women fashion dress,1
women chiffon shirt,1
women bags,1
womanskirt,1
womans fashion,1
womanbra,1
woman vest,1
woman top,1
wolfprint,1
windowscreennet,1
widetrouser,1
widelegjumpsuit,1
wideleg,1
white crop top,1
whiskeytshirt,1
wedgesshoeswomen,1
wear,1
wavering,1
waveprintdres,1
wavepointdres,1
waterpump,1
waterproofphonebag,1
waterproofmat,1
waterproof bag,1
wateringchildrenstoy,1
waterfloatingpump,1
waterballoon,1
waterball,1
waistcollection,1
vtie,1
vorhang,1
vneckjumpsuit,1
virsorcap,1
vintagetop,1
vintagestylewomendressfloralhighwaisteveningpartyslimlongswingdres,1
vintagejean,1
vintagedresswomen,1
vestidoscasualesdemujer,1
vestidoderenda,1
vestido de festa,1
vestforwomen,1
vestforwoman,1
vestcasual,1
velvetshort,1
vacationdre,1
v neck crop top,1
uvlampgel,1
uv,1
usbfan,1
usbcooler,1
unisex clothing,1
uniquetop,1
uniquedres,1
unicorn,1
uneck,1
underarmshield,1
underarm,1
ultrathinbra,1
turtleneck,1
turbanheadband,1
tunicvesttopswomen,1
tunictopforwomen,1
tunics women,1
tubecroptop,1
tshirtsuit,1
tshirtsfemme,1
tshirts for women,1
tshirtcotton,1
tshirtcasualtop,1
tshirtandshortsset,1
trouserswomen,1
trousersformen,1
trousersampshort,1
triangle bikini,1
trendshirtwomen,1
travelfan,1
transparentdres,1
transparentblouse,1
trainingquickdryshort,1
trainingcorset,1
tracksuitshort,1
tracksuitpant,1
trackpant,1
totemprint,1
topsforwomenkleiderdamen,1
topsforfemale,1
tops shirts for women,1
topbra,1
topbasegel,1
toolsgadget,1
tinyring,1
tigershirt,1
tigerking,1
tiedyetshirt,1
tiedyetank,1
tiedyeshirt,1
tiedyeprinted,1
theweststyle,1
thevampirediarie,1
tennisskirt,1
teevest,1
teetop,1
teen,1
tearresistant,1
tattoo,1
tasselslingerie,1
tasselbikini,1
taschendamen,1
tanktopshirt,1
tanktopdres,1
tanktopcroptop,1
tanksforwomen,1
tankdres,1
tankdre,1
tankcroptop,1
takeashower,1
taeeltshirt,1
t shirt printing,1
swimwearwomen2017,1
swimwear for men,1
swimwea,1
swimsuitscoverup,1
swimsuits for girls,1
swimsuit model,1
swimring,1
swimmingshort,1
swimmingpoolseat,1
swimmingmask,1
swimminglap,1
swimmingfacemask,1
swimmingchair,1
swimmingbottom,1
swimming suit for women,1
swimming pool supplies,1
swim trunk,1
swim dress,1
sweetheartdres,1
sweatvest,1
sweatpad,1
sweatguardpad,1
sweatersformen,1
sweatabsorbent,1
sweat pants,1
suzuki,1
surferring,1
sunshine,1
sunshadecover,1
sunmmertshirt,1
sunhatfordog,1
sunflowerprint,1
sunflowerbathingsuit,1
sun protection swimwear,1
sumnerblouseforwomen,1
summerwomentop,1
summerwomenladysleevelesschiffonflouncinglongsundressdressmaxidressloosedlongdres,1
summertrouser,1
summertool,1
summertank,1
summerswimwear,1
summerswimsuit,1
summerswimming,1
summersunsuit,1
summersuit,1
summersportsvest,1
summersportssuit,1
summersock,1
summershortswomen,1
summershortsleevetshirt,1
summershortsforwomen,1
summershortsformen,1
summershirtsformen,1
summeroutfit,1
summeronepiece,1
summermensclothing,1
summerlongskirt,1
summerjean,1
summerfashiontshirt,1
summerfashiontop,1
summerfamilyentertainmenttoy,1
summerdresseswomen,1
summercasualfashionsexywomenprintbikinissetpushupbraswimsuitmidwaist,1
summercasualdres,1
summercap,1
summerblouse,1
summerbikiniset,1
summerbeachbikini,1
summerbeach,1
summerbathingsuit,1
summerathleisure,1
summer clothes for women,1
studentsstyle,1
stripetee,1
stripedres,1
stretchytop,1
strawbag,1
strappydres,1
strappydre,1
strappy bikini,1
strappingshort,1
straplesstanktop,1
straplessblouse,1
strapless bikini,1
strapdres,1
straighttrouser,1
statementring,1
squarescarf,1
springskirt,1
springdre,1
sprayer,1
sportytankini,1
sporty,1
sportwear,1
sporttshirt,1
sportstop,1
sportspantie,1
sportset,1
sportsampoutdoor,1
sportfan,1
sportcroptop,1
sportampentertainment,1
sport2set,1
sport tank top,1
sport legging,1
sport bra top,1
splitswimsuit,1
splitdresse,1
splitbohodre,1
splicedre,1
splice,1
spaghettistrapsdres,1
spaghettistrapjumpsuit,1
spaghetti strap tank top,1
southafrican,1
solidtop,1
solidtank,1
soliddre,1
solidcolortop,1
solidcolorshortpant,1
solidcolordresse,1
solidcolordres,1
solidcolordre,1
solidblouse,1
solidbiker,1
solarfountain,1
softcomfortable,1
socksamptight,1
socksamphosiery,1
smallvest,1
slitdres,1
slingshirt,1
slimwaistshaperbelt,1
slimvestmen,1
slimtank,1
slimmingwaistbelt,1
slimmingshapewear,1
slimmingcream,1
slimfitpant,1
slim long,1
slideslipper,1
slidesforwomen,1
sleveles,1
sleeves,1
sleevelessvestmen,1
sleevelesstopsforwomen,1
sleevelesstanktop,1
sleevelessshort,1
sleevehead,1
sleepweardre,1
slashneckjumpsuit,1
slashneck,1
slack,1
skulltanktopforwomen,1
skullshirtwomen,1
skullshirt,1
skullprinted,1
skort,1
sknnyshort,1
skirtsuit,1
skinnylegging,1
skinny jeans,1
skinny,1
skinngjean,1
skewshoulder,1
skewneck,1
skeletonvest,1
skeletonprint,1
skateboardsticker,1
sizesxxxl,1
singleshoulder,1
simplebib,1
simfit,1
silmfit,1
silksock,1
silk dress,1
siliconedivingmask,1
sidesplitshirt,1
siamesetrouser,1
showerroom,1
shoulderdrape,1
shorttshirt,1
shortsock,1
shortsleevestee,1
shortsleevee,1
shortskirtsdresse,1
shortsetsforwomen,1
shortsection,1
shortsdresse,1
shorts feminino,1
shortjean,1
short sleeved tshirt,1
shirtdressforwomen,1
shirtandshort,1
sheertop,1
sheerlacebra,1
sheer mesh top,1
shaping,1
sexywomendre,1
sexytshrit,1
sexythongswimwear,1
sexyswimwearset,1
sexysummerdres,1
sexyshortdresse,1
sexyplussizetankini,1
sexypleated,1
sexyoutfit,1
sexydressforwomen,1
sexyblousetop,1
sexyblouseforwomen,1
sexybacklessdres,1
sexyandbeautifulstyle,1
sexy tops for women,1
sexy tankini,1
sexy tank,1
sexy sleepwear dress,1
sexy leggings,1
sexy lace tank top,1
sexy camisole,1
sexy brazilian bikinis,1
sextop,1
setsforwomen,1
sequinsnailgel,1
sequin top,1
seenyousoon,1
scrunch,1
schoolskirt,1
schoolgirl,1
scallopedtrimtop,1
saty,1
sanskrit,1
sandaliasmujer,1
sandaliasfeminina,1
saiaplissada,1
saialonga,1
runningshortsformen,1
runningjumpsuit,1
runningfitne,1
rugratsset,1
rugratsprint,1
rugrat,1
ruffletanktop,1
ruffledtop,1
ruchedtanktop,1
ruchedtank,1
ruched bikini bottom,1
roundneckflared,1
roseprint,1
ropademujer,1
ropa,1
romperswomenjumpsuit,1
romperswomen,1
rompersshort,1
rompersoverall,1
rompersjumpsuit,1
romperoutfit,1
rodeotank,1
rockandroll,1
robesforwomen,1
rippeddre,1
ridingpant,1
ribbed crop top,1
ribbed,1
retrotshirt,1
retro style,1
pyjamaswomen,1
pyjama,1
pushupswimtop,1
pushupswimsuittop,1
pushupsuit,1
pushuppaddedbra,1
pushupbikiniset,1
pursesampwallet,1
purses,1
puppyhat,1
puppy,1
punkshirt,1
punkdres,1
punkdre,1
pullovershirt,1
pulloverdres,1
printtop,1
printtanktop,1
printmask,1
printjumpersuit,1
printingpajama,1
printingdres,1
printedwomensdre,1
printedswimwear,1
printedpajamasset,1
printedjumpsuit,1
printedbikini,1
printbikini,1
pregnantshirt,1
pregnant,1
pregnancyshirt,1
pregnancydres,1
powerpuffgirl,1
portablefan,1
poolfloatingpanel,1
poolaccessorie,1
ponytailhat,1
poloshirtmen,1
poloshirtherren,1
polohomme,1
polo men,1
polo hat,1
polkadottedbikini,1
plussizevest,1
plussizetshirt,1
plussizetanktop,1
plussizeskirt,1
plussizeshortsforwomen,1
plussizeshirt,1
plussizepant,1
plussizemaxidresse,1
plus size monokini,1
plus size jeans,1
plus size hippie dresses,1
plus size dresses,1
plus size bikinis,1
plus size bathing suits for women,1
pleatedtop,1
pleatedhem,1
pleateddresse,1
playtoy,1
playsuitoutfitsclothing,1
playsuitforwomen,1
plaincolor,1
plaidchecked,1
plaid shirt,1
pineappleshirtwomen,1
pineappleflowerpattern,1
pin up,1
picnicmat,1
phonebag,1
perspirationpad,1
personalizedvest,1
pentacleprint,1
pawprinttshirt,1
patydresse,1
patternedtop,1
patiodecoration,1
patchworkdres,1
pastoralstyle,1
partyshirt,1
partyeveningcocktailskaterminidres,1
pantssuit,1
pantsshort,1
pantsplussize,1
pants women,1
palysuit,1
palazzopant,1
painlessdepilation,1
paddle,1
paddedfringetasselbikinibeachswimwear,1
padded swimsuit,1
packagehip,1
oversizedpant,1
outweartop,1
outside,1
outdoorwatergamepad,1
outdoorslipper,1
outdoorpool,1
outdoormat,1
outdoorampcampingaccessorie,1
openworkpanel,1
openfork,1
one shoulder-bikini,1
oldschool,1
offshoulderbodycondres,1
off the shoulder dress,1
ocean,1
obesity,1
nylonmat,1
nude,1
noshowamplinersock,1
nootnoot,1
nonslipslipper,1
non-slip,1
ninthpant,1
nightwear,1
newskirt,1
newsexyfulllongeveningdressbodyconsundressclubwearmaxibohodressessxl,1
new2020,1
neckhangingfan,1
neckfansportable,1
neckfancooler,1
neckfan,1
neckcroptop,1
navel,1
nailuvgel,1
nail kit,1
nail gel set,1
nail art,1
muscleshirt,1
multilayerdropnecklace,1
multilayerchainnecklace,1
multicolorprinting,1
mouth,1
motherdaughtermatchingclothe,1
motherdaughterdresse,1
mosquitoswatter,1
mosquitokiller,1
momandkid,1
minishort,1
minifan,1
minibag,1
mini dresses,1
mini dress sexy club wear,1
militarycamo,1
midwaist,1
midsleevebeachblouse,1
midshort,1
midpant,1
midilength,1
middlewaist,1
midcalfdres,1
midcalfdre,1
midcalf,1
meshshirt,1
mermaid,1
mentracksuit,1
mentionhippant,1
menswimshort,1
mensummerrunningshort,1
mensummerjean,1
mensswimtrunk,1
menssportspant,1
menssolidcolorshort,1
mensshortpant,1
menspoloshirtbrand,1
menspocketsshort,1
menspersonalityfitnessvest,1
mensfitnesstshirt,1
mensdrawstringshort,1
menscasulshort,1
mensboardshort,1
menpoloshirt,1
menfashionshort,1
menbeachshort,1
men's dress shirt,1
men's casual  shirt,1
men shirt,1
mediasmujer,1
maxide,1
maxi summer dresses,1
mattress,1
mattetopcoat,1
mattegel,1
maternityshirt,1
maternitydres,1
matching,1
mandala,1
mamatshirt,1
malebrief,1
maixdre,1
maillot,1
magneticscreendoor,1
magicbubbleball,1
magicbubble,1
luggagesticker,1
lowwaistunderwear,1
lovelydres,1
loungewearset,1
lounge,1
loseweight,1
loosetee,1
looseshortdres,1
loosejean,1
longtrouser,1
longtop,1
longshirtdres,1
longmaxiskirt,1
longfleece,1
longblouse,1
long sleeve shirt women,1
long sleeve dress,1
long shirt,1
long,1
lipsprint,1
lipshirt,1
lettersprinted,1
letterprinttshirt,1
letterprintedshirt,1
leopardprinted,1
leggingspant,1
leggings that look like jeans,1
leggingforwomen,1
legging fitness,1
leafprinting,1
leafprint,1
lazyfan,1
layeredpalazzopant,1
lattice,1
lanternsleeve,1
ladyswimwear,1
ladyswimsuit,1
ladiessleevelesstop,1
ladiesmessengerbag,1
ladiesdresse,1
laceuplingerie,1
lacetrouser,1
laceseamle,1
lacepaneltanktop,1
lacelingerieset,1
lacedresswhite,1
lacebrallette,1
lacebralette,1
lacebra,1
lace tank top,1
lace t shirt,1
lace crop top,1
kurzehosen,1
knitskirt,1
knee length dress,1
knee length,1
kleiderdamen,1
kleider,1
kindne,1
kerchief,1
kawaiicute,1
kaftandres,1
kaftan,1
jumpsuitsjean,1
jumpsuitshort,1
jumpsuitromper,1
juicewrldshirt,1
juicewrld,1
joeexotic,1
jeggingsjeansforwomen,1
jeggingsforwomen,1
jeggingsforwoman,1
jegging,1
jeansshort,1
ittakestwo,1
irregularhemdre,1
irregularhem,1
irregulardres,1
irregualshirt,1
irregualr,1
invisiblesock,1
interactive,1
interaction,1
insulatedcooler,1
insectzapper,1
insectnet,1
inflation,1
inflatablesofa,1
inflatablepool,1
inflatablelounger,1
inflatablefloatchair,1
inflatablebed,1
icesilk,1
humanskeletonprint,1
hotshaper,1
hotrhinestone,1
hollowouttanktop,1
hollowoutlingerie,1
hollowoutbikini,1
hollowingout,1
holejean,1
hipplesoul,1
hippietshirt,1
hiplifting,1
highwaisttop,1
highwaispant,1
hightwaistpant,1
highsplitdre,1
highcollartop,1
high waisted pants,1
high waisted bathing suits,1
high waist swimsuit,1
high waist skirt,1
herrenpolotshirt,1
hellyhansen,1
heartprint,1
headdress,1
harlonpant,1
hangingneckfan,1
handwoven,1
handkerchief,1
hammock,1
haltertshirt,1
haltertank,1
halterlingerieset,1
halterlacebralette,1
halterblousesforwomen,1
halter tankini,1
halfsleevedres,1
halfsleevedre,1
halfsleeve,1
hairrope,1
hairremoval,1
hairgrowthinhibitor,1
gypsypant,1
gypsy,1
gymstighttshirt,1
gymshortssportpant,1
green dress,1
graphicprint,1
graffitisticker,1
gradualchange,1
gradient,1
gothstyle,1
gothic clothing,1
golden,1
gold,1
goingout,1
girltanktop,1
girlsupplie,1
girlsshirt,1
girlsbowknotbikini,1
gifts for dad,1
giftformen,1
geometricpattern,1
gauzenet,1
gasballoon,1
gardenponddecor,1
furslipperswomen,1
furslide,1
furryslipper,1
fur,1
funnytank,1
fullmark,1
fulllengthdre,1
fullfacemask,1
frilledhem,1
frilled,1
freshsummer,1
freddiemercuryshirt,1
freddiemercury,1
foreign trade,1
flyswatterelectric,1
flyswatter,1
fluffyskirt,1
fluffyshortskirt,1
fluffydres,1
flowytop,1
flowytanktop,1
flowerprinteddre,1
flowerlacedre,1
floralwomendres,1
floraltop,1
floralprintswimwear,1
floralprintromper,1
florallingerie,1
floraldresseswomen,1
floraldresse,1
floral skirt,1
floral bikini,1
flora,1
floatseat,1
floatboat,1
flipflopsandal,1
flatshoesforwoman,1
flaresleeveblouse,1
flare,1
flamingotshirt,1
fivepant,1
fitnessvestmen,1
fitnessshort,1
fitnessset,1
fitnesspantie,1
fitnesspant,1
fishermanshat,1
finger ring,1
femaletshirt,1
fearofgod,1
fauxpant,1
fauxjean,1
fathertshirt,1
fashionwomensummershort,1
fashionwomensdresseveningcocktaildresslongdressbandagesmlxl,1
fashionwomenmonkini,1
fashionvesttop,1
fashiontunicdres,1
fashiontee,1
fashionswimsuitswimwearbathingsuit,1
fashionsweetladybeautywomenbikinisexyswimwear,1
fashionsundre,1
fashionpantyhose,1
fashiondesign,1
fashionbreathableshoe,1
fashion swimsuit,1
fashion shirt,1
fashion girl,1
fashion clothing,1
fashion bag,1
fanscooling,1
faketwopiecesdres,1
faithtshirt,1
faith,1
fahsion,1
facial,1
facecover,1
eye,1
eveningcocktailskaterminidres,1
evening gown,1
ethnicstylenecklace,1
essential,1
ellessepant,1
ellessedressforwomen,1
elegantwomendre,1
elegantsplitskirt,1
electricswatter,1
electricbugswatter,1
elasticskinnypant,1
elasticblouse,1
elasticband,1
dropcrotchpant,1
dresswithpocket,1
dressshield,1
dressforlady,1
dressesforwomensummer,1
dressesforwomencasualsummer,1
dressesforladie,1
dragon fly,1
doublelayer,1
doorscreennet,1
doorcurtain,1
doglovershirt,1
doghat,1
dogcap,1
divingsnorkeling,1
divingsnorkel,1
divingmask,1
divingequipment,1
disposable,1
digitalprintingvesttop,1
diamondbikiniset,1
diamondbikini,1
dewshoulder,1
denimromper,1
denimjumpsuit,1
denimjeansshort,1
denimbibpant,1
denim leggings,1
demin,1
deerhuntingprinted,1
deepvneckvest,1
deep-v,1
daydre,1
datingdres,1
datetop,1
darknavyskirt,1
daintyring,1
dailyclothe,1
cute crop tops,1
cushionbed,1
crystalbikini,1
crossbandage,1
croptoptshirt,1
croptopsforgirl,1
croptopbra,1
croptopandskirt,1
croppedpant,1
croppedjean,1
cropped,1
crop tops fashion,1
crochet top,1
crochet halter top,1
crochet bikini,1
crisscrossbackdre,1
crew neck sweatshirts for women,1
cowlnecktank,1
coverupsbikini,1
coupletshirt,1
countrythunder,1
countrymusicshirt,1
countrygirllegging,1
countrygirl,1
cottonshortsleeve,1
cottonpant,1
cottonblouse,1
cosmetic,1
coolingfan,1
cool shirts,1
controlpantie,1
contrastcolordres,1
compressionshort,1
competitive,1
comfyshirt,1
comfortableshirt,1
combo,1
colorgel,1
colorfultop,1
colorchangingshort,1
collegegirlskirt,1
coffeetshirt,1
cocktailskaterminidres,1
club dresses,1
clothingampaccessorie,1
ciclismo,1
christiantshirt,1
christianshirt,1
childrensballoon,1
children39stoy,1
chiffonesummertop,1
chiffomdresse,1
chiffiondres,1
chestzipper,1
chemisehomme,1
cheeky bikini bottom,1
cheap tankini swimwear,1
chaussurefamme,1
causaltop,1
causalshirtwomen,1
causaljean,1
cathat,1
caterpillar,1
casualwomensjean,1
casualtwopiece,1
casualtshirttop,1
casualtrunk,1
casualtrouser,1
casualteeshirt,1
casualsuspendertop,1
casualsummersportsshort,1
casualstyle,1
casualsolidcolor,1
casualsleepwear,1
casualshortswomen,1
casualshortpant,1
casualshirtforwomen,1
casualshirtformen,1
casualsandal,1
casualloosedres,1
casualclothing,1
casual cap,1
cassualvest,1
case,1
cartoon t shirt,1
carolebaskin,1
cargoshort,1
carcover,1
caprisforwomen,1
cannabisleafprint,1
candycolorsock,1
candycolordres,1
candy color,1
camouflagetshirt,1
camouflageshortsforwomen,1
camouflageshortsformen,1
camouflageshort,1
camouflagepant,1
camouflagenet,1
camissole,1
camisolevest,1
camisoletanktop,1
camisolestanktop,1
camisoles for women,1
camisoleblouse,1
camishort,1
camisamen,1
caged bralette,1
buttonup,1
buttondres,1
buttlifting,1
butterflytshirt,1
butterflyprintskirt,1
butterflymask,1
butterflydre,1
butterfliesprint,1
burgundyskirt,1
burgundy,1
bunny,1
budsilkblouse,1
breathableunderwear,1
breathablesportshoe,1
bre,1
brayogavest,1
brassierefemme,1
brassiere,1
brasbraset,1
brallettesexy,1
braceletset,1
bowtop,1
bowknottanktop,1
bowknotdres,1
bohotshirt,1
bohoskirt,1
bohoshirt,1
bohodressesforwoman,1
bohoclothing,1
bohemiasandal,1
bohemiansandal,1
bohemianjewelry,1
bohemiandresse,1
bohemian maxi dress,1
bohemiaalloynecklace,1
bodysuitwomen,1
bodyslimmingcincher,1
bodyshaperwomen,1
bodyconwrapdres,1
bodyconvest,1
bodyconsundres,1
bodyconsummerdres,1
bodyconset,1
bodyconromperjumpsuitclub,1
bodyconclothe,1
bodyconblouse,1
bobo,1
boatneckblouse,1
blusasmujer,1
blusa,1
blowing,1
blousesforwomen,1
blingblingdiamond,1
blackwhitepink,1
blacktshirt,1
blackpant,1
blacklacetrim,1
black skull bikini,1
black lace,1
black crop top,1
bikinsuit,1
bikiniblouse,1
bikinibeachwear,1
bikinibeachcoverup,1
bikini2017,1
bikini suit,1
bikini sexy,1
biking,1
biker,1
bigcode,1
bigcat,1
benchwomen,1
bellydancepant,1
bedroomdoornet,1
bedroom,1
beacwear,1
beachwera,1
beachvesttop,1
beachsundres,1
beachsuitforwomen,1
beachshirt,1
beachsandal,1
beachphonecase,1
beachmat,1
beachlooseshort,1
beachlacesleevelessdres,1
beachjumpsuit,1
beachewear,1
beachdrss,1
beachcardigan,1
beachblouse,1
beachblanket,1
beach wear women,1
beach volleyball swimwear,1
bcklessvest,1
bathingshort,1
bathing suit women,1
basicvestido,1
basictshirt,1
basictop,1
basicdres,1
basic,1
basecoat,1
baseballcapforwomen,1
barefootjewelry,1
bangdagebikini,1
bandeau,1
bandanna,1
bandage monokini,1
bandage dress,1
bamboobag,1
balloonsforparty,1
balloonsbirthday,1
ballgowndre,1
balckandwhite,1
baggykaftandresse,1
baggydresseswomen,1
baggydre,1
bagbuckle,1
backlesstank,1
backlessswimsuit,1
backlesssiamese,1
backlessromper,1
backlessblouse,1
backless halter top,1
backbowknotvest,1
babyswimfloatboat,1
awordcollar,1
avocado,1
autumnblouse,1
autumn and winter,1
athleticshortsmen,1
athleticset,1
asymmetricdres,1
asymmetricalhem,1
armpitsweatpad,1
armpitguard,1
antislipsock,1
antimosquitonet,1
antimosquitofly,1
antifoggoggle,1
anticellulite,1
ankletchain,1
ankleinvisiblesock,1
angelprint,1
airball,1
air conditioner,1
abito,1
a-line skirt,1
womenbikini,1
women's sweatsuit,1
women's bikini swimwear,1
women's bikini,1
women sleeveless top,1
women leggings,1
women cap,1
woman clothes,1
wolf,1
wedding,1
watersports,1
waist coat,1
visors,1
vintage swimwear,1
v collar,1
uniforms,1
undershirts,1
usa flag,1
two piece swimwear,1
triangle swimwear,1
tree,1
travel accessories,1
travel,1
training,1
totes,1
tiger,1
thong,1
temperament,1
tech & gadgets,1
tankini swimsuits,1
t-shirts polo sport men's,1
swimsuit  for women,1
swimming pools,1
swim wear cover up,1
swim shorts,1
string bikini,1
storage,1
stickers,1
sterling,1
star,1
stamps,1
sport & outdoor,1
solar,1
sofas,1
sneakers,1
smartphones,1
slimwaist,1
skirts women,1
skincare,1
skateboard,1
simple style,1
silver ring,1
silicone,1
shoulder bags,1
shortsmen,1
shopping bag,1
shirts & t-shirts,1
sheer,1
shaving & hair removal,1
sexy women,1
sexy wedding dress,1
sequin,1
seal,1
school,1
rose gold ring,1
rope,1
roman,1
racer back tank,1
push-up,1
pure cotton,1
printed leggings,1
pretty,1
pouch,1
polyester shirt,1
platform,1
plastic,1
plaid dress,1
photography,1
phone accessories,1
phone,1
pet supplies,1
penguin,1
patio,1
plaincrop top,1
owl,1
oversize,1
outfits & sets,1
outdoor sports,1
off shoulder tops for women,1
nightgown,1
nightclub tops,1
new fashion,1
neckline,1
necklace,1
muscle,1
motorcycle,1
moisturizing socks,1
military,1
men's vest,1
men's sandals,1
mats,1
maternity dresses,1
maternity,1
massage & relaxation,1
massage,1
man t-shirts,1
long sleeved,1
long coat,1
loafers,1
lingerie sets,1
lens,1
leggings for women,1
large,1
laptop,1
lantern,1
lady,1
kit,1
king,1
jumpers,1
jogger,1
jack daniels,1
indoor slippers,1
ice,1
household,1
hoodies,1
home dã©cor,1
home & garden,1
hobbies,1
hiking,1
heels,1
health & beauty,1
halterneck top,1
gray,1
gold ring,1
glasses,1
girl,1
garden decor,1
furniture,1
fountain,1
formal dresses,1
fitted dress,1
fishing,1
festival,1
female,1
fans,1
family,1
exotic,1
equipment,1
embroidery,1
elephant,1
durable,1
dress shirt,1
door,1
doggie,1
dog supplies,1
deer,1
decor,1
cycling clothing,1
cycling,1
cotton mens shirts,1
corset dress,1
cool tees,1
computers,1
coffee,1
cocktail party dress,1
cloth,1
christian,1
chinese,1
chic,1
cherry,1
charming,1
charm,1
casual sweater,1
cars,1
canvas shoes,1
cake,1
button-down shirts,1
bustier,1
bucket hats,1
brazilian bikini bottom,1
brand,1
braids,1
box,1
board shorts,1
blanket,1
black top,1
birthday,1
bikini lingerie,1
bikini cover-up,1
bikes,1
big size,1
bicycle,1
bib,1
belly,1
beds,1
beading,1
battery,1
bathroom,1
bathing suits for women,1
bathing,1
bath,1
basketball,1
bali,1
backs,1
baby girl,1
arms,1
anklets,1
ankle strap,1
angel,1
adjustable baseball cap,1
adidas,1
90sfashion,1
5pointspant,1
3mreflective,1
3dprintedtshirt,1
34sleeve,1
2piecesbikini,1
2piecebathingsuit,1
2in1sportsjogging,1
2in1short,1
2014summermenshort,1
2014menshort,1
"2,piece dress sets",1
"2,piece swimsuit",1
#fashion #shorts,1
#summer clothes,1
